continent,year,countries_count,total_population,total_gdp,total_emissions,total_primary_energy,total_fossil_fuel,total_renewables,fossil_share,renewables_share,emissions_per_capita,energy_per_capita,gdp_per_capita,data_level,country,iso_code
Africa,2015,54,1199438773,5448766237504,1677.48,5206.671,3126.814,73.75,60.05399611383165,1.4164520861794416,1.3985540885962338e-6,4.340922702521307e-6,4542.7631323570695,Continent,Africa,NA
Africa,2016,54,1230413902,5551622865472,1680.93,5373.629,3235.418,79.002,60.20918079755786,1.4701796495440975,1.3661500388346556e-6,4.367334432149484e-6,4511.996212370494,Continent,Africa,NA
Africa,2017,54,1261605288,5734323058112,1728.17,5461.871,3280.135,88.898,60.055153261583804,1.6276107582914354,1.3698182913767242e-6,4.32930255758408e-6,4545.2592127308835,Continent,Africa,NA
Africa,2018,54,1293503648,5932685929344,1754.88,5544.115,3277.739,96.814,59.12104997822015,1.7462480486064955,1.356687321843564e-6,4.286122430788846e-6,4586.524312101515,Continent,Africa,NA
Africa,2019,54,1325907102,6112113911040,1776.07,5688.497,3350.9539999999997,110.521,58.90754622881931,1.9428857921521274,1.3395131508994663e-6,4.290268142782752e-6,4609.760293025416,Continent,Africa,NA
Africa,2020,54,1358852525,5967242144704,1685.2,5413.016,3125.888,122.55199999999999,57.747621658609546,2.2640243442842216,1.2401640126473622e-6,3.983519845172308e-6,4391.383196424498,Continent,Africa,NA
Africa,2021,54,1391823552,6298045570496,1766.79,5635.7789999999995,3276.73,133.76500000000001,58.14156303857906,2.373496192806709,1.2694065978846145e-6,4.04920508199591e-6,4525.031611547266,Continent,Africa,NA
Africa,2022,54,1424855033,6513965909248,1760.8899999999999,3460.9530000000004,3300.664,135.021,95.36864557247671,3.90126650087418,1.235838004019599e-6,2.4289860511023655e-6,4571.669228365634,Continent,Africa,NA
Asia,2015,49,4451422574,49874748600320,18807.79,74630.823,65612.397,5699.8460000000005,87.91594995542256,7.63738864302756,4.225118978785141e-6,1.6765611837417078e-5,11204.226912005592,Continent,Asia,NA
Asia,2016,49,4496090984,52663014735872,18906.64,75810.43800000001,66014.152,6163.179999999999,87.07791927016699,8.129724827602235,4.20512842539932e-6,1.6861411005645255e-5,11713.066956002685,Continent,Asia,NA
Asia,2017,49,4540203471,55397611560960,19438.870000000003,78615.164,68645.22499999999,6715.927,87.31804591796055,8.542788259018323,4.281497541721077e-6,1.7315339389995372e-5,12201.570241247015,Continent,Asia,NA
Asia,2018,49,4581889026,58231460186112,20076.96,81510.184,70644.754,7361.456,86.66984974540115,9.031332820939284,4.38180843884978e-6,1.7789646047180364e-5,12709.050755196531,Continent,Asia,NA
Asia,2019,49,4620807808,60551286114304,20366.93,83948.578,72042.19200000001,8139.559,85.8170486223126,9.695886689111042,4.407655727368438e-6,1.8167511285507246e-5,13104.04774019634,Continent,Asia,NA
Asia,2020,49,4656146921,59770426251264,20047.64,83629.444,70545.428,8695.898,84.35477342166713,10.39812963482096,4.305628739845342e-6,1.7961083578101294e-5,12836.88579105814,Continent,Asia,NA
Asia,2021,49,4686395129,63797335975936,21097.5,87931.958,73804.88,9551.339,83.93408003037986,10.862193015194771,4.501861114835586e-6,1.8763240311485053e-5,13613.30707714979,Continent,Asia,NA
Asia,2022,49,4714450819,66436999153664,21540.39,85593.151,71979.254,10456.99,84.09464210518432,12.217087322792919,4.569013619399473e-6,1.8155487094073766e-5,14092.203250039673,Continent,Asia,NA
Europe,2015,39,739841294,22836311219200,5701.14,29825.824,22638.677,3795.991,75.90293901016784,12.72719573481021,7.70589590799456e-6,4.0313813573103965e-5,30866.499889096485,Continent,Europe,NA
Europe,2016,39,741057070,23232587086848,5693.38,30173.449,22971.292,3876.569,76.1308128878472,12.847616459092892,7.68278211015516e-6,4.0716768278049084e-5,31350.604464036758,Continent,Europe,NA
Europe,2017,39,742202801,23874828745728,5701.25,30431.017,23182.548,3932.342,76.1806547576113,12.922151106550267,7.681525847542577e-6,4.100094604735937e-5,32167.52714158512,Continent,Europe,NA
Europe,2018,39,743129699,24408569376768,5717.29,30748.598,23271.891,4161.1,75.684397057713,13.532649521126134,7.6935291479987e-6,4.137716207732939e-5,32845.638398806615,Continent,Europe,NA
Europe,2019,39,743978613,24844670451712,5562.12,30261.846,22719.313,4254.868,75.07576702359796,14.060173328487629,7.476182652040832e-6,4.067569345572035e-5,33394.334215507886,Continent,Europe,NA
Europe,2020,39,744026543,23463850470400,5152.7,28385.561,20719.708,4635.126,72.99382950366913,16.329168199282726,6.925424971028218e-6,3.815127466494162e-5,31536.308336247086,Continent,Europe,NA
Europe,2021,39,742980287,24746132813824,5513.73,29603.395,21703.529,4684.534,73.31432425233659,15.824313393784731,7.421098643496041e-6,3.9844119040536536e-5,33306.58060087131,Continent,Europe,NA
Europe,2022,39,741361950,25208042082304,5331.96,28510.165,21440.894,4629.451,75.20438412054087,16.237896202985848,7.192114459070904e-6,3.8456471902826954e-5,34002.34134258441,Continent,Europe,NA
North America,2015,23,565371159,21114810173184,6599.5599999999995,32869.148,26516.602,3217.554,80.67322584692491,9.788979014606646,1.1672968977888735e-5,5.8137291718483295e-5,37346.811624651695,Continent,North America,NA
North America,2016,23,570714371,21479645579520,6473.94,32830.915,26249.085,3446.58,79.95234065209574,10.497971195746448,1.1343572772937935e-5,5.752600016445004e-5,37636.41967151376,Continent,North America,NA
North America,2017,23,576027683,21982043932480,6422.52,33057.941,26228.452,3685.373,79.34085186975197,11.148223054787351,1.1149672471557241e-5,5.738950049732245e-5,38161.436648314695,Continent,North America,NA
North America,2018,23,580988511,22613941216832,6614.5,34047.378000000004,27147.179,3726.024,79.73353777785765,10.943644470948687,1.1384906714618321e-5,5.8602497907226265e-5,38923.21584450747,Continent,North America,NA
North America,2019,23,585638156,23077185054528,6500.04,33820.018,26853.935,3791.3929999999996,79.4024858295463,11.210499651419465,1.1099071898587154e-5,5.7749000220538904e-5,39405.19383530058,Continent,North America,NA
North America,2020,23,589427396,22250778424832,5812.6,31337.005,24334.89,3951.377,77.65544282231183,12.60930009105848,9.861435079953428e-6,5.3165165400625525e-5,37749.82054758785,Continent,North America,NA
North America,2021,23,592300820,23560036777344,6130.95,32873.222,25736.306,4114.924,78.28957563088888,12.517556082576874,1.0351074644806334e-5,5.550088888953421e-5,39777.14698646543,Continent,North America,NA
North America,2022,23,595504150,24107263385728,6240.11,32922.419,26219.556,4427.162,79.64042982382308,13.447256108367977,1.047870111400567e-5,5.528495309394569e-5,40482.10811919279,Continent,North America,NA
Oceania,2015,12,39457355,1300085587968,485.34000000000003,1893.913,1656.656,196.809,87.47265581893149,10.391660018174013,1.2300368334370107e-5,4.799898523355151e-5,32949.13173901292,Continent,Oceania,NA
Oceania,2016,12,40154772,1337385402368,490.65,1904.385,1647.371,214.81599999999997,86.50409449769873,11.280072044255755,1.2218971134987392e-5,4.7426119117299435e-5,33305.76506244388,Continent,Oceania,NA
Oceania,2017,12,40870754,1372020850688,495.59999999999997,1903.5149999999999,1657.246,204.24599999999998,87.06240822898691,10.729939086374419,1.2126030266043048e-5,4.657401231208017e-5,33569.746491293015,Continent,Oceania,NA
Oceania,2018,12,41593492,1413022662656,495.5,1927.355,1650.571,232.887,85.6391790822137,12.083243616251288,1.1912921377219301e-5,4.6337898246196784e-5,33972.20561947528,Continent,Oceania,NA
Oceania,2019,12,42332242,1442780037120,498.13,1988.323,1697.3880000000001,246.14100000000002,85.36782001717025,12.379326698931713,1.1767153745365058e-5,4.696947069328386e-5,34082.29682519532,Continent,Oceania,NA
Oceania,2020,12,42986365,1417231122432,479.46000000000004,1859.532,1558.8939999999998,265.48900000000003,83.83259873989799,14.277194476889887,1.1153769340580439e-5,4.32586472477959e-5,32969.31765298136,Continent,Oceania,NA
Oceania,2021,12,43542481,1493017575424,467.58,1860.18,1524.735,299.889,81.9670677031255,16.121504370544788,1.0738478590597536e-5,4.2721038334953857e-05,34288.75757961518,Continent,Oceania,NA
Oceania,2022,10,43959294,1544854257664,457.28,1893.227,1561.764,331.463,82.49216813409062,17.50783186590937,1.040235086578051e-5,4.306772988665378e-5,35142.83595327987,Continent,Oceania,NA
South America,2015,12,412873997,6006699405312,1446.47,7162.276,4740.842,2053.439,66.19183622636156,28.67020204192075,3.503417532976774e-6,1.734736518173122e-5,14548.504989312756,Continent,South America,NA
South America,2016,12,416835454,5842709336064,1385.6399999999999,7114.706999999999,4627.352,2090.148,65.03924898101918,29.377850697154507,3.3241894054434246e-6,1.706838257572975e-5,14016.82433678974,Continent,South America,NA
South America,2017,12,420709668,5874108628992,1345.98,7153.404,4587.912,2182.462,64.1360672485435,30.50941901226325,3.1993084599139755e-6,1.700318424819275e-5,13962.380890643093,Continent,South America,NA
South America,2018,12,424460408,5889928675328,1276.94,7072.219,4388.723,2293.725,62.055813034070354,32.432889875158,3.0083842354502945e-6,1.6661669420060493e-5,13876.273415182695,Continent,South America,NA
South America,2019,12,428030401,5867295961088,1220.75,7008.246999999999,4265.171,2365.045,60.859313320435206,33.74659882849449,2.852017046331249e-6,1.6373245880728925e-5,13707.661762763435,Continent,South America,NA
South America,2020,12,431235363,5491170209792,1062.01,6502.148,3798.593,2358.609,58.42058655078291,36.2743050450405,2.4627154707625403e-6,1.5077956396632527e-5,12733.580501356055,Continent,South America,NA
South America,2021,12,433952919,5886276366336,1165.47,7002.142,4311.783,2350.584,61.57805711452296,33.569499161827906,2.685706096149108e-6,1.6135718169924328e-5,13564.320249072918,Continent,South America,NA
South America,2022,12,436508310,6112130240512,1184.97,7086.125,4422.261,2608.757,62.40732417223801,36.815001146606924,2.7146562226959666e-6,1.6233654291713256e-5,14002.322751912787,Continent,South America,NA
