country,iso_code,year,emissions
Afghanistan,AFG,2015,12.04
Afghanistan,AFG,2016,11.21
Afghanistan,AFG,2017,11.95
Afghanistan,AFG,2018,12.86
Afghanistan,AFG,2019,13.14
Afghanistan,AFG,2020,13.87
Afghanistan,AFG,2021,12.57
Afghanistan,AFG,2022,12.19
Angola,AGO,2015,66.92
Angola,AGO,2016,65.03
Angola,AGO,2017,60.82
Angola,AGO,2018,55.17
Angola,AGO,2019,54.45
Angola,AGO,2020,46.24
Angola,AGO,2021,48.86
Angola,AGO,2022,50.05
Albania,ALB,2015,3.98
Albania,ALB,2016,3.82
Albania,ALB,2017,4.52
Albania,ALB,2018,4.52
Albania,ALB,2019,4.2
Albania,ALB,2020,3.51
Albania,ALB,2021,4.01
Albania,ALB,2022,3.74
Andorra,AND,2015,0.47
Andorra,AND,2016,0.47
Andorra,AND,2017,0.47
Andorra,AND,2018,0.5
Andorra,AND,2019,0.49
Andorra,AND,2020,0.38
Andorra,AND,2021,0.41
Andorra,AND,2022,0.42
United Arab Emirates,ARE,2015,225.75
United Arab Emirates,ARE,2016,233.49
United Arab Emirates,ARE,2017,223.33
United Arab Emirates,ARE,2018,206.59
United Arab Emirates,ARE,2019,219.07
United Arab Emirates,ARE,2020,215.44
United Arab Emirates,ARE,2021,217.69
United Arab Emirates,ARE,2022,217.43
Argentina,ARG,2015,203.54
Argentina,ARG,2016,201.04
Argentina,ARG,2017,196.91
Argentina,ARG,2018,196.05
Argentina,ARG,2019,189.56
Argentina,ARG,2020,171.72
Argentina,ARG,2021,189.88
Argentina,ARG,2022,204.82
Armenia,ARM,2015,6.13
Armenia,ARM,2016,5.95
Armenia,ARM,2017,6.2
Armenia,ARM,2018,6.43
Armenia,ARM,2019,6.89
Armenia,ARM,2020,7.37
Armenia,ARM,2021,7.9
Armenia,ARM,2022,8.09
Antigua and Barbuda,ATG,2015,0.58
Antigua and Barbuda,ATG,2016,0.6
Antigua and Barbuda,ATG,2017,0.6
Antigua and Barbuda,ATG,2018,0.62
Antigua and Barbuda,ATG,2019,0.64
Antigua and Barbuda,ATG,2020,0.62
Antigua and Barbuda,ATG,2021,0.64
Antigua and Barbuda,ATG,2022,0.67
Australia,AUS,2015,437.93
Australia,AUS,2016,444.15
Australia,AUS,2017,447.27
Australia,AUS,2018,447.53
Australia,AUS,2019,448.74
Australia,AUS,2020,432.29
Australia,AUS,2021,420.09
Australia,AUS,2022,412.63
Austria,AUT,2015,63.54
Austria,AUT,2016,63.96
Austria,AUT,2017,66.16
Austria,AUT,2018,63.24
Austria,AUT,2019,64.71
Austria,AUT,2020,59.22
Austria,AUT,2021,62.34
Austria,AUT,2022,58.64
Azerbaijan,AZE,2015,40.6
Azerbaijan,AZE,2016,41.08
Azerbaijan,AZE,2017,40.16
Azerbaijan,AZE,2018,41.02
Azerbaijan,AZE,2019,43.07
Azerbaijan,AZE,2020,41.07
Azerbaijan,AZE,2021,43.58
Azerbaijan,AZE,2022,46.12
Burundi,BDI,2015,0.37
Burundi,BDI,2016,0.44
Burundi,BDI,2017,0.53
Burundi,BDI,2018,0.66
Burundi,BDI,2019,0.71
Burundi,BDI,2020,0.76
Burundi,BDI,2021,0.78
Burundi,BDI,2022,0.81
Belgium,BEL,2015,93.2
Belgium,BEL,2016,91.7
Belgium,BEL,2017,90.36
Belgium,BEL,2018,91.07
Belgium,BEL,2019,90.28
Belgium,BEL,2020,83.11
Belgium,BEL,2021,86.93
Belgium,BEL,2022,80.64
Benin,BEN,2015,6.74
Benin,BEN,2016,8.07
Benin,BEN,2017,8.23
Benin,BEN,2018,8.85
Benin,BEN,2019,8.8
Benin,BEN,2020,9.37
Benin,BEN,2021,7.19
Benin,BEN,2022,7.54
Burkina Faso,BFA,2015,4.48
Burkina Faso,BFA,2016,4.75
Burkina Faso,BFA,2017,5.39
Burkina Faso,BFA,2018,5.87
Burkina Faso,BFA,2019,6.02
Burkina Faso,BFA,2020,5.94
Burkina Faso,BFA,2021,6.65
Burkina Faso,BFA,2022,6.89
Bangladesh,BGD,2015,84.36
Bangladesh,BGD,2016,92.91
Bangladesh,BGD,2017,99
Bangladesh,BGD,2018,101.49
Bangladesh,BGD,2019,104.87
Bangladesh,BGD,2020,100.1
Bangladesh,BGD,2021,112.7
Bangladesh,BGD,2022,116.5
Bulgaria,BGR,2015,45.34
Bulgaria,BGR,2016,42.14
Bulgaria,BGR,2017,44.41
Bulgaria,BGR,2018,41.45
Bulgaria,BGR,2019,39.81
Bulgaria,BGR,2020,34.81
Bulgaria,BGR,2021,40.48
Bulgaria,BGR,2022,44.58
Bahrain,BHR,2015,33.91
Bahrain,BHR,2016,33.73
Bahrain,BHR,2017,33.96
Bahrain,BHR,2018,34.17
Bahrain,BHR,2019,37.06
Bahrain,BHR,2020,36.65
Bahrain,BHR,2021,37.05
Bahrain,BHR,2022,38.56
Bahamas,BHS,2015,2.31
Bahamas,BHS,2016,2.32
Bahamas,BHS,2017,2.55
Bahamas,BHS,2018,2.52
Bahamas,BHS,2019,2.6
Bahamas,BHS,2020,2.1
Bahamas,BHS,2021,2.57
Bahamas,BHS,2022,2.69
Bosnia and Herzegovina,BIH,2015,20.37
Bosnia and Herzegovina,BIH,2016,23.1
Bosnia and Herzegovina,BIH,2017,23.38
Bosnia and Herzegovina,BIH,2018,23.52
Bosnia and Herzegovina,BIH,2019,22.04
Bosnia and Herzegovina,BIH,2020,21.81
Bosnia and Herzegovina,BIH,2021,21.99
Bosnia and Herzegovina,BIH,2022,21.91
Belarus,BLR,2015,54.31
Belarus,BLR,2016,54.7
Belarus,BLR,2017,55.78
Belarus,BLR,2018,58.9
Belarus,BLR,2019,57.22
Belarus,BLR,2020,54.27
Belarus,BLR,2021,54.93
Belarus,BLR,2022,52.32
Belize,BLZ,2015,0.77
Belize,BLZ,2016,0.75
Belize,BLZ,2017,0.74
Belize,BLZ,2018,0.72
Belize,BLZ,2019,0.83
Belize,BLZ,2020,0.7
Belize,BLZ,2021,0.73
Belize,BLZ,2022,0.76
Bolivia,BOL,2015,23.52
Bolivia,BOL,2016,24.63
Bolivia,BOL,2017,24.81
Bolivia,BOL,2018,24.74
Bolivia,BOL,2019,24.24
Bolivia,BOL,2020,20.85
Bolivia,BOL,2021,24.08
Bolivia,BOL,2022,25.3
Brazil,BRA,2015,514.52
Brazil,BRA,2016,477.78
Brazil,BRA,2017,492.48
Brazil,BRA,2018,470.54
Brazil,BRA,2019,470.47
Brazil,BRA,2020,448.87
Brazil,BRA,2021,502.39
Brazil,BRA,2022,477.93
Barbados,BRB,2015,1.31
Barbados,BRB,2016,1.36
Barbados,BRB,2017,1.32
Barbados,BRB,2018,1.41
Barbados,BRB,2019,1.37
Barbados,BRB,2020,1.22
Barbados,BRB,2021,1.13
Barbados,BRB,2022,1.18
Brunei,BRN,2015,7.91
Brunei,BRN,2016,8.42
Brunei,BRN,2017,8.86
Brunei,BRN,2018,9.08
Brunei,BRN,2019,8.79
Brunei,BRN,2020,11.04
Brunei,BRN,2021,11.08
Brunei,BRN,2022,10.41
Bhutan,BTN,2015,1.09
Bhutan,BTN,2016,1.13
Bhutan,BTN,2017,1.26
Bhutan,BTN,2018,1.25
Bhutan,BTN,2019,1.16
Bhutan,BTN,2020,0.95
Bhutan,BTN,2021,1.19
Bhutan,BTN,2022,1.15
Botswana,BWA,2015,7.6
Botswana,BWA,2016,7.29
Botswana,BWA,2017,8.01
Botswana,BWA,2018,8.77
Botswana,BWA,2019,7.9
Botswana,BWA,2020,6.46
Botswana,BWA,2021,6.89
Botswana,BWA,2022,7.19
Central African Republic,CAF,2015,0.18
Central African Republic,CAF,2016,0.21
Central African Republic,CAF,2017,0.22
Central African Republic,CAF,2018,0.23
Central African Republic,CAF,2019,0.23
Central African Republic,CAF,2020,0.25
Central African Republic,CAF,2021,0.25
Central African Republic,CAF,2022,0.26
Canada,CAN,2015,601.43
Canada,CAN,2016,599.99
Canada,CAN,2017,615.12
Canada,CAN,2018,629.5
Canada,CAN,2019,623.96
Canada,CAN,2020,567.59
Canada,CAN,2021,576.13
Canada,CAN,2022,592.48
Switzerland,CHE,2015,38.52
Switzerland,CHE,2016,39.08
Switzerland,CHE,2017,38.11
Switzerland,CHE,2018,36.91
Switzerland,CHE,2019,36.82
Switzerland,CHE,2020,34.41
Switzerland,CHE,2021,36.05
Switzerland,CHE,2022,32.92
Chile,CHL,2015,83.35
Chile,CHL,2016,87.62
Chile,CHL,2017,88.53
Chile,CHL,2018,88.25
Chile,CHL,2019,93.48
Chile,CHL,2020,86.17
Chile,CHL,2021,87.31
Chile,CHL,2022,89
China,CHN,2015,9777.3
China,CHN,2016,9717.21
China,CHN,2017,9921.78
China,CHN,2018,10388.69
China,CHN,2019,10566.75
China,CHN,2020,10657.18
China,CHN,2021,11245.66
China,CHN,2022,11308.84
Côte d'Ivoire,CIV,2015,13.84
Côte d'Ivoire,CIV,2016,13.61
Côte d'Ivoire,CIV,2017,14.9
Côte d'Ivoire,CIV,2018,14.07
Côte d'Ivoire,CIV,2019,14.98
Côte d'Ivoire,CIV,2020,15.13
Côte d'Ivoire,CIV,2021,19.72
Côte d'Ivoire,CIV,2022,21.06
Cameroon,CMR,2015,18.15
Cameroon,CMR,2016,18.43
Cameroon,CMR,2017,17.92
Cameroon,CMR,2018,18.51
Cameroon,CMR,2019,18.61
Cameroon,CMR,2020,18.56
Cameroon,CMR,2021,17.86
Cameroon,CMR,2022,17.65
Democratic Republic of the Congo,COD,2015,19.1
Democratic Republic of the Congo,COD,2016,18.99
Democratic Republic of the Congo,COD,2017,21.59
Democratic Republic of the Congo,COD,2018,19.68
Democratic Republic of the Congo,COD,2019,20.19
Democratic Republic of the Congo,COD,2020,22.82
Democratic Republic of the Congo,COD,2021,24.41
Democratic Republic of the Congo,COD,2022,26.05
Congo,COG,2015,12.06
Congo,COG,2016,11.45
Congo,COG,2017,12.2
Congo,COG,2018,14.76
Congo,COG,2019,15.89
Congo,COG,2020,15.63
Congo,COG,2021,14.55
Congo,COG,2022,15.9
Cook Islands,COK,2015,0.08
Cook Islands,COK,2016,0.08
Cook Islands,COK,2017,0.08
Cook Islands,COK,2018,0.08
Cook Islands,COK,2019,0.08
Cook Islands,COK,2020,0.07
Cook Islands,COK,2021,0.07
Cook Islands,COK,2022,0.07
Colombia,COL,2015,104.22
Colombia,COL,2016,105.87
Colombia,COL,2017,97.5
Colombia,COL,2018,100.25
Colombia,COL,2019,99.76
Colombia,COL,2020,90.73
Colombia,COL,2021,97.36
Colombia,COL,2022,92.77
Comoros,COM,2015,0.18
Comoros,COM,2016,0.21
Comoros,COM,2017,0.27
Comoros,COM,2018,0.3
Comoros,COM,2019,0.32
Comoros,COM,2020,0.38
Comoros,COM,2021,0.51
Comoros,COM,2022,0.55
Cabo Verde,CPV,2015,0.5
Cabo Verde,CPV,2016,0.54
Cabo Verde,CPV,2017,0.58
Cabo Verde,CPV,2018,0.58
Cabo Verde,CPV,2019,0.64
Cabo Verde,CPV,2020,0.52
Cabo Verde,CPV,2021,0.55
Cabo Verde,CPV,2022,0.59
Costa Rica,CRI,2015,7.15
Costa Rica,CRI,2016,7.77
Costa Rica,CRI,2017,7.87
Costa Rica,CRI,2018,7.87
Costa Rica,CRI,2019,7.72
Costa Rica,CRI,2020,6.79
Costa Rica,CRI,2021,7.66
Costa Rica,CRI,2022,7.79
Cuba,CUB,2015,29.56
Cuba,CUB,2016,27.37
Cuba,CUB,2017,26.56
Cuba,CUB,2018,26.85
Cuba,CUB,2019,22.37
Cuba,CUB,2020,18.6
Cuba,CUB,2021,21.9
Cuba,CUB,2022,19.93
Cyprus,CYP,2015,6.05
Cyprus,CYP,2016,6.41
Cyprus,CYP,2017,6.52
Cyprus,CYP,2018,6.43
Cyprus,CYP,2019,6.49
Cyprus,CYP,2020,5.97
Cyprus,CYP,2021,6.11
Cyprus,CYP,2022,6.16
Czech Republic,CZE,2015,105.66
Czech Republic,CZE,2016,107.04
Czech Republic,CZE,2017,107.62
Czech Republic,CZE,2018,106.7
Czech Republic,CZE,2019,101.59
Czech Republic,CZE,2020,93.1
Czech Republic,CZE,2021,98.06
Czech Republic,CZE,2022,96.57
Germany,DEU,2015,742.64
Germany,DEU,2016,747.43
Germany,DEU,2017,731.87
Germany,DEU,2018,707.33
Germany,DEU,2019,658.03
Germany,DEU,2020,605.14
Germany,DEU,2021,630.67
Germany,DEU,2022,624.26
Djibouti,DJI,2015,0.46
Djibouti,DJI,2016,0.38
Djibouti,DJI,2017,0.37
Djibouti,DJI,2018,0.4
Djibouti,DJI,2019,0.46
Djibouti,DJI,2020,0.38
Djibouti,DJI,2021,0.4
Djibouti,DJI,2022,0.43
Dominica,DMA,2015,0.18
Dominica,DMA,2016,0.18
Dominica,DMA,2017,0.16
Dominica,DMA,2018,0.17
Dominica,DMA,2019,0.18
Dominica,DMA,2020,0.16
Dominica,DMA,2021,0.16
Dominica,DMA,2022,0.17
Denmark,DNK,2015,34.42
Denmark,DNK,2016,35.94
Denmark,DNK,2017,33.65
Denmark,DNK,2018,33.54
Denmark,DNK,2019,29.93
Denmark,DNK,2020,27.39
Denmark,DNK,2021,29.21
Denmark,DNK,2022,28.11
Dominican Republic,DOM,2015,22.37
Dominican Republic,DOM,2016,23.4
Dominican Republic,DOM,2017,22.32
Dominican Republic,DOM,2018,24.1
Dominican Republic,DOM,2019,26.85
Dominican Republic,DOM,2020,25.39
Dominican Republic,DOM,2021,27.72
Dominican Republic,DOM,2022,30.12
Algeria,DZA,2015,223.94
Algeria,DZA,2016,221.57
Algeria,DZA,2017,224.89
Algeria,DZA,2018,231.91
Algeria,DZA,2019,237.6
Algeria,DZA,2020,224.03
Algeria,DZA,2021,230.19
Algeria,DZA,2022,241.92
Ecuador,ECU,2015,50.66
Ecuador,ECU,2016,49.22
Ecuador,ECU,2017,47.83
Ecuador,ECU,2018,48.82
Ecuador,ECU,2019,48.98
Ecuador,ECU,2020,41.82
Ecuador,ECU,2021,46.23
Ecuador,ECU,2022,49.22
Egypt,EGY,2015,226.46
Egypt,EGY,2016,234.6
Egypt,EGY,2017,245.11
Egypt,EGY,2018,240.75
Egypt,EGY,2019,222.86
Egypt,EGY,2020,231.96
Egypt,EGY,2021,245.67
Egypt,EGY,2022,243.82
Eritrea,ERI,2015,0.84
Eritrea,ERI,2016,0.86
Eritrea,ERI,2017,0.89
Eritrea,ERI,2018,0.96
Eritrea,ERI,2019,0.99
Eritrea,ERI,2020,1
Eritrea,ERI,2021,1.04
Eritrea,ERI,2022,1.09
Spain,ESP,2015,253.05
Spain,ESP,2016,243.65
Spain,ESP,2017,260.24
Spain,ESP,2018,253.76
Spain,ESP,2019,237.8
Spain,ESP,2020,199.03
Spain,ESP,2021,216.28
Spain,ESP,2022,221.99
Estonia,EST,2015,14.52
Estonia,EST,2016,16.08
Estonia,EST,2017,16.85
Estonia,EST,2018,15.85
Estonia,EST,2019,10.15
Estonia,EST,2020,7.42
Estonia,EST,2021,8.7
Estonia,EST,2022,10.32
Ethiopia,ETH,2015,35.69
Ethiopia,ETH,2016,38.05
Ethiopia,ETH,2017,38.36
Ethiopia,ETH,2018,40.37
Ethiopia,ETH,2019,42.38
Ethiopia,ETH,2020,42.03
Ethiopia,ETH,2021,43.46
Ethiopia,ETH,2022,43.98
European Union (27),EUU,2015,2925.49
European Union (27),EUU,2016,2933.39
European Union (27),EUU,2017,2953.69
European Union (27),EUU,2018,2888.52
European Union (27),EUU,2019,2751.13
European Union (27),EUU,2020,2488.42
European Union (27),EUU,2021,2663.23
European Union (27),EUU,2022,2608.69
Finland,FIN,2015,43.96
Finland,FIN,2016,46.82
Finland,FIN,2017,44.28
Finland,FIN,2018,45.53
Finland,FIN,2019,42.4
Finland,FIN,2020,37.59
Finland,FIN,2021,37.74
Finland,FIN,2022,35.66
Fiji,FJI,2015,1.26
Fiji,FJI,2016,1.2
Fiji,FJI,2017,1.33
Fiji,FJI,2018,1.39
Fiji,FJI,2019,1.4
Fiji,FJI,2020,1.02
Fiji,FJI,2021,1.11
Fiji,FJI,2022,1.07
France,FRA,2015,312.09
France,FRA,2016,314.59
France,FRA,2017,318.92
France,FRA,2018,308.42
France,FRA,2019,301.89
France,FRA,2020,267.55
France,FRA,2021,298.59
France,FRA,2022,290.72
Micronesia,FSM,2015,0.14
Micronesia,FSM,2016,0.15
Micronesia,FSM,2017,0.15
Micronesia,FSM,2018,0.15
Micronesia,FSM,2019,0.15
Micronesia,FSM,2020,0.15
Micronesia,FSM,2021,0.14
Micronesia,FSM,2022,0.14
Gabon,GAB,2015,14.04
Gabon,GAB,2016,13.99
Gabon,GAB,2017,12.48
Gabon,GAB,2018,11.68
Gabon,GAB,2019,12.46
Gabon,GAB,2020,12.12
Gabon,GAB,2021,11.47
Gabon,GAB,2022,11.86
United Kingdom,GBR,2015,405.63
United Kingdom,GBR,2016,384.25
United Kingdom,GBR,2017,372.86
United Kingdom,GBR,2018,366.49
United Kingdom,GBR,2019,352.56
United Kingdom,GBR,2020,313.13
United Kingdom,GBR,2021,330.61
United Kingdom,GBR,2022,320.05
Georgia,GEO,2015,10
Georgia,GEO,2016,10.37
Georgia,GEO,2017,10.32
Georgia,GEO,2018,10.1
Georgia,GEO,2019,10.61
Georgia,GEO,2020,10.35
Georgia,GEO,2021,10.93
Georgia,GEO,2022,12.07
Ghana,GHA,2015,17.04
Ghana,GHA,2016,16.83
Ghana,GHA,2017,19.43
Ghana,GHA,2018,20.78
Ghana,GHA,2019,22.01
Ghana,GHA,2020,24.6
Ghana,GHA,2021,25.84
Ghana,GHA,2022,25.2
Guinea,GIN,2015,2.52
Guinea,GIN,2016,2.81
Guinea,GIN,2017,3.32
Guinea,GIN,2018,3.23
Guinea,GIN,2019,4.01
Guinea,GIN,2020,4.59
Guinea,GIN,2021,4.23
Guinea,GIN,2022,4.46
Gambia,GMB,2015,0.59
Gambia,GMB,2016,0.59
Gambia,GMB,2017,0.6
Gambia,GMB,2018,0.65
Gambia,GMB,2019,0.71
Gambia,GMB,2020,0.7
Gambia,GMB,2021,0.73
Gambia,GMB,2022,0.78
Guinea-Bissau,GNB,2015,0.28
Guinea-Bissau,GNB,2016,0.3
Guinea-Bissau,GNB,2017,0.31
Guinea-Bissau,GNB,2018,0.32
Guinea-Bissau,GNB,2019,0.32
Guinea-Bissau,GNB,2020,0.31
Guinea-Bissau,GNB,2021,0.3
Guinea-Bissau,GNB,2022,0.34
Equatorial Guinea,GNQ,2015,11.21
Equatorial Guinea,GNQ,2016,10.4
Equatorial Guinea,GNQ,2017,9.36
Equatorial Guinea,GNQ,2018,8.9
Equatorial Guinea,GNQ,2019,8.27
Equatorial Guinea,GNQ,2020,8.29
Equatorial Guinea,GNQ,2021,7.6
Equatorial Guinea,GNQ,2022,7.43
Greece,GRC,2015,66.62
Greece,GRC,2016,64.81
Greece,GRC,2017,64.85
Greece,GRC,2018,63.34
Greece,GRC,2019,58.33
Greece,GRC,2020,49.63
Greece,GRC,2021,51.3
Greece,GRC,2022,52.5
Grenada,GRD,2015,0.28
Grenada,GRD,2016,0.3
Grenada,GRD,2017,0.32
Grenada,GRD,2018,0.32
Grenada,GRD,2019,0.35
Grenada,GRD,2020,0.3
Grenada,GRD,2021,0.32
Grenada,GRD,2022,0.34
Guatemala,GTM,2015,21.14
Guatemala,GTM,2016,22.67
Guatemala,GTM,2017,21.98
Guatemala,GTM,2018,23.92
Guatemala,GTM,2019,25.07
Guatemala,GTM,2020,22.96
Guatemala,GTM,2021,25.96
Guatemala,GTM,2022,24.88
Guyana,GUY,2015,2.11
Guyana,GUY,2016,2.37
Guyana,GUY,2017,2.38
Guyana,GUY,2018,2.49
Guyana,GUY,2019,2.7
Guyana,GUY,2020,3.56
Guyana,GUY,2021,3.68
Guyana,GUY,2022,4.68
Honduras,HND,2015,12.22
Honduras,HND,2016,11.01
Honduras,HND,2017,9.92
Honduras,HND,2018,9.78
Honduras,HND,2019,11
Honduras,HND,2020,10.18
Honduras,HND,2021,11.23
Honduras,HND,2022,11.37
Croatia,HRV,2015,16.24
Croatia,HRV,2016,16.6
Croatia,HRV,2017,16.91
Croatia,HRV,2018,15.99
Croatia,HRV,2019,16.11
Croatia,HRV,2020,15.17
Croatia,HRV,2021,15.9
Croatia,HRV,2022,16.44
Haiti,HTI,2015,4.92
Haiti,HTI,2016,5.03
Haiti,HTI,2017,5.01
Haiti,HTI,2018,5
Haiti,HTI,2019,5.06
Haiti,HTI,2020,4.89
Haiti,HTI,2021,4.87
Haiti,HTI,2022,4.79
Hungary,HUN,2015,44.52
Hungary,HUN,2016,45.42
Hungary,HUN,2017,47.55
Hungary,HUN,2018,47.31
Hungary,HUN,2019,47.22
Hungary,HUN,2020,45.48
Hungary,HUN,2021,46.82
Hungary,HUN,2022,44.32
Indonesia,IDN,2015,535.97
Indonesia,IDN,2016,528.14
Indonesia,IDN,2017,551.81
Indonesia,IDN,2018,609.32
Indonesia,IDN,2019,650.38
Indonesia,IDN,2020,607.27
Indonesia,IDN,2021,629.19
Indonesia,IDN,2022,733.08
India,IND,2015,2252.16
India,IND,2016,2275.49
India,IND,2017,2388.82
India,IND,2018,2500.21
India,IND,2019,2488.25
India,IND,2020,2305.49
India,IND,2021,2528.1
India,IND,2022,2728.91
Ireland,IRL,2015,36.02
Ireland,IRL,2016,37.83
Ireland,IRL,2017,36.47
Ireland,IRL,2018,36.15
Ireland,IRL,2019,34.47
Ireland,IRL,2020,32.45
Ireland,IRL,2021,34.22
Ireland,IRL,2022,33.5
Iran,IRN,2015,692.31
Iran,IRN,2016,726.05
Iran,IRN,2017,757.91
Iran,IRN,2018,747.34
Iran,IRN,2019,772.54
Iran,IRN,2020,785.09
Iran,IRN,2021,851.84
Iran,IRN,2022,864.41
Iraq,IRQ,2015,183.19
Iraq,IRQ,2016,204.13
Iraq,IRQ,2017,216.65
Iraq,IRQ,2018,226.38
Iraq,IRQ,2019,240.14
Iraq,IRQ,2020,222.15
Iraq,IRQ,2021,238.89
Iraq,IRQ,2022,263.96
Iceland,ISL,2015,2.07
Iceland,ISL,2016,1.66
Iceland,ISL,2017,1.71
Iceland,ISL,2018,1.74
Iceland,ISL,2019,1.67
Iceland,ISL,2020,1.48
Iceland,ISL,2021,1.58
Iceland,ISL,2022,1.63
Israel,ISR,2015,64.98
Israel,ISR,2016,64.18
Israel,ISR,2017,64.88
Israel,ISR,2018,60.64
Israel,ISR,2019,62.66
Israel,ISR,2020,58.78
Israel,ISR,2021,58.2
Israel,ISR,2022,60.82
Italy,ITA,2015,338.24
Italy,ITA,2016,333.99
Italy,ITA,2017,330.03
Italy,ITA,2018,325.57
Italy,ITA,2019,317.74
Italy,ITA,2020,282.06
Italy,ITA,2021,315.42
Italy,ITA,2022,318.48
Jamaica,JAM,2015,6.83
Jamaica,JAM,2016,7.32
Jamaica,JAM,2017,7.03
Jamaica,JAM,2018,8.44
Jamaica,JAM,2019,8.22
Jamaica,JAM,2020,5.58
Jamaica,JAM,2021,6.15
Jamaica,JAM,2022,7.21
Jordan,JOR,2015,24.1
Jordan,JOR,2016,23.61
Jordan,JOR,2017,24.89
Jordan,JOR,2018,23.44
Jordan,JOR,2019,22.14
Jordan,JOR,2020,19.85
Jordan,JOR,2021,20.53
Jordan,JOR,2022,21.91
Japan,JPN,2015,1164.27
Japan,JPN,2016,1149.51
Japan,JPN,2017,1134.9
Japan,JPN,2018,1095.02
Japan,JPN,2019,1057.8
Japan,JPN,2020,1000.22
Japan,JPN,2021,1016.42
Japan,JPN,2022,987.16
Kazakhstan,KAZ,2015,248.92
Kazakhstan,KAZ,2016,261.84
Kazakhstan,KAZ,2017,276.9
Kazakhstan,KAZ,2018,283.36
Kazakhstan,KAZ,2019,270.36
Kazakhstan,KAZ,2020,271.58
Kazakhstan,KAZ,2021,290.53
Kazakhstan,KAZ,2022,290.46
Kenya,KEN,2015,22.36
Kenya,KEN,2016,23.56
Kenya,KEN,2017,24.74
Kenya,KEN,2018,24.86
Kenya,KEN,2019,25.28
Kenya,KEN,2020,24.5
Kenya,KEN,2021,26.36
Kenya,KEN,2022,26.8
Kyrgyzstan,KGZ,2015,10
Kyrgyzstan,KGZ,2016,9.52
Kyrgyzstan,KGZ,2017,9.18
Kyrgyzstan,KGZ,2018,10.84
Kyrgyzstan,KGZ,2019,9.51
Kyrgyzstan,KGZ,2020,8.66
Kyrgyzstan,KGZ,2021,9.59
Kyrgyzstan,KGZ,2022,9.51
Cambodia,KHM,2015,9.75
Cambodia,KHM,2016,11.61
Cambodia,KHM,2017,12.27
Cambodia,KHM,2018,12.1
Cambodia,KHM,2019,14.49
Cambodia,KHM,2020,17.13
Cambodia,KHM,2021,16.54
Cambodia,KHM,2022,16.3
Kiribati,KIR,2015,0.06
Kiribati,KIR,2016,0.06
Kiribati,KIR,2017,0.07
Kiribati,KIR,2018,0.07
Kiribati,KIR,2019,0.08
Kiribati,KIR,2020,0.07
Kiribati,KIR,2021,0.07
Kiribati,KIR,2022,0.07
Saint Kitts and Nevis,KNA,2015,0.24
Saint Kitts and Nevis,KNA,2016,0.24
Saint Kitts and Nevis,KNA,2017,0.24
Saint Kitts and Nevis,KNA,2018,0.25
Saint Kitts and Nevis,KNA,2019,0.25
Saint Kitts and Nevis,KNA,2020,0.23
Saint Kitts and Nevis,KNA,2021,0.23
Saint Kitts and Nevis,KNA,2022,0.24
South Korea,KOR,2015,596.71
South Korea,KOR,2016,597.76
South Korea,KOR,2017,616.14
South Korea,KOR,2018,635.5
South Korea,KOR,2019,609.54
South Korea,KOR,2020,565.75
South Korea,KOR,2021,581.66
South Korea,KOR,2022,556.58
Kuwait,KWT,2015,115.42
Kuwait,KWT,2016,119.46
Kuwait,KWT,2017,116.86
Kuwait,KWT,2018,119.35
Kuwait,KWT,2019,116.68
Kuwait,KWT,2020,110.9
Kuwait,KWT,2021,117.44
Kuwait,KWT,2022,122.11
Laos,LAO,2015,8.93
Laos,LAO,2016,15.67
Laos,LAO,2017,18.84
Laos,LAO,2018,19.11
Laos,LAO,2019,18.46
Laos,LAO,2020,18.13
Laos,LAO,2021,19.13
Laos,LAO,2022,19.99
Lebanon,LBN,2015,25.05
Lebanon,LBN,2016,25.91
Lebanon,LBN,2017,27.39
Lebanon,LBN,2018,25.79
Lebanon,LBN,2019,25.94
Lebanon,LBN,2020,21.27
Lebanon,LBN,2021,16.22
Lebanon,LBN,2022,9.77
Liberia,LBR,2015,0.61
Liberia,LBR,2016,0.57
Liberia,LBR,2017,0.58
Liberia,LBR,2018,0.49
Liberia,LBR,2019,0.83
Liberia,LBR,2020,0.64
Liberia,LBR,2021,0.59
Liberia,LBR,2022,0.63
Libya,LBY,2015,68.5
Libya,LBY,2016,64.83
Libya,LBY,2017,82.38
Libya,LBY,2018,89.08
Libya,LBY,2019,93.22
Libya,LBY,2020,58.32
Libya,LBY,2021,94.88
Libya,LBY,2022,90.47
Saint Lucia,LCA,2015,0.5
Saint Lucia,LCA,2016,0.5
Saint Lucia,LCA,2017,0.53
Saint Lucia,LCA,2018,0.53
Saint Lucia,LCA,2019,0.52
Saint Lucia,LCA,2020,0.49
Saint Lucia,LCA,2021,0.53
Saint Lucia,LCA,2022,0.55
Liechtenstein,LIE,2015,0.16
Liechtenstein,LIE,2016,0.15
Liechtenstein,LIE,2017,0.16
Liechtenstein,LIE,2018,0.14
Liechtenstein,LIE,2019,0.15
Liechtenstein,LIE,2020,0.14
Liechtenstein,LIE,2021,0.15
Liechtenstein,LIE,2022,0.15
Sri Lanka,LKA,2015,21.03
Sri Lanka,LKA,2016,24.72
Sri Lanka,LKA,2017,24.51
Sri Lanka,LKA,2018,22.96
Sri Lanka,LKA,2019,24.89
Sri Lanka,LKA,2020,23.21
Sri Lanka,LKA,2021,23.42
Sri Lanka,LKA,2022,20.7
Lesotho,LSO,2015,2.14
Lesotho,LSO,2016,2.13
Lesotho,LSO,2017,2.4
Lesotho,LSO,2018,2.28
Lesotho,LSO,2019,2.3
Lesotho,LSO,2020,2.09
Lesotho,LSO,2021,3.24
Lesotho,LSO,2022,2.54
Lithuania,LTU,2015,11.26
Lithuania,LTU,2016,11.47
Lithuania,LTU,2017,11.5
Lithuania,LTU,2018,11.89
Lithuania,LTU,2019,11.89
Lithuania,LTU,2020,11.87
Lithuania,LTU,2021,12.26
Lithuania,LTU,2022,11.77
Luxembourg,LUX,2015,9
Luxembourg,LUX,2016,8.68
Luxembourg,LUX,2017,8.84
Luxembourg,LUX,2018,9.16
Luxembourg,LUX,2019,9.32
Luxembourg,LUX,2020,7.66
Luxembourg,LUX,2021,8.06
Luxembourg,LUX,2022,6.94
Latvia,LVA,2015,7.31
Latvia,LVA,2016,7.27
Latvia,LVA,2017,7.18
Latvia,LVA,2018,7.75
Latvia,LVA,2019,7.51
Latvia,LVA,2020,6.85
Latvia,LVA,2021,7.07
Latvia,LVA,2022,6.45
Morocco,MAR,2015,56.51
Morocco,MAR,2016,56.41
Morocco,MAR,2017,59.3
Morocco,MAR,2018,60.73
Morocco,MAR,2019,67.34
Morocco,MAR,2020,63.52
Morocco,MAR,2021,68.75
Morocco,MAR,2022,68.48
Moldova,MDA,2015,8.61
Moldova,MDA,2016,8.76
Moldova,MDA,2017,8.61
Moldova,MDA,2018,9.03
Moldova,MDA,2019,9.32
Moldova,MDA,2020,9.03
Moldova,MDA,2021,9.86
Moldova,MDA,2022,8.52
Madagascar,MDG,2015,5.65
Madagascar,MDG,2016,6.42
Madagascar,MDG,2017,6.82
Madagascar,MDG,2018,6.62
Madagascar,MDG,2019,7.37
Madagascar,MDG,2020,6.54
Madagascar,MDG,2021,7.58
Madagascar,MDG,2022,7.93
Maldives,MDV,2015,1.31
Maldives,MDV,2016,1.47
Maldives,MDV,2017,1.55
Maldives,MDV,2018,1.78
Maldives,MDV,2019,1.98
Maldives,MDV,2020,1.72
Maldives,MDV,2021,2
Maldives,MDV,2022,1.93
Mexico,MEX,2015,498.33
Mexico,MEX,2016,499.66
Mexico,MEX,2017,494.26
Mexico,MEX,2018,465.67
Mexico,MEX,2019,478.86
Mexico,MEX,2020,416.6
Mexico,MEX,2021,426.89
Mexico,MEX,2022,429.55
Marshall Islands,MHL,2015,0.15
Marshall Islands,MHL,2016,0.15
Marshall Islands,MHL,2017,0.15
Marshall Islands,MHL,2018,0.15
Marshall Islands,MHL,2019,0.15
Marshall Islands,MHL,2020,0.15
Marshall Islands,MHL,2021,0.15
Marshall Islands,MHL,2022,0.14
North Macedonia,MKD,2015,7.55
North Macedonia,MKD,2016,7.36
North Macedonia,MKD,2017,7.84
North Macedonia,MKD,2018,7.34
North Macedonia,MKD,2019,8.35
North Macedonia,MKD,2020,7.16
North Macedonia,MKD,2021,7.23
North Macedonia,MKD,2022,8.02
Mali,MLI,2015,4.24
Mali,MLI,2016,5.34
Mali,MLI,2017,5.89
Mali,MLI,2018,6.17
Mali,MLI,2019,6.56
Mali,MLI,2020,7.16
Mali,MLI,2021,7.83
Mali,MLI,2022,8.1
Malta,MLT,2015,1.68
Malta,MLT,2016,1.37
Malta,MLT,2017,1.54
Malta,MLT,2018,1.57
Malta,MLT,2019,1.68
Malta,MLT,2020,1.63
Malta,MLT,2021,1.63
Malta,MLT,2022,1.81
Myanmar,MMR,2015,29.12
Myanmar,MMR,2016,31.42
Myanmar,MMR,2017,41.07
Myanmar,MMR,2018,41.01
Myanmar,MMR,2019,41.81
Myanmar,MMR,2020,41.35
Myanmar,MMR,2021,38.45
Myanmar,MMR,2022,36.94
Montenegro,MNE,2015,2.63
Montenegro,MNE,2016,2.42
Montenegro,MNE,2017,2.53
Montenegro,MNE,2018,2.76
Montenegro,MNE,2019,2.86
Montenegro,MNE,2020,2.78
Montenegro,MNE,2021,2.82
Montenegro,MNE,2022,2.9
Mongolia,MNG,2015,18.86
Mongolia,MNG,2016,19.72
Mongolia,MNG,2017,20.98
Mongolia,MNG,2018,22.84
Mongolia,MNG,2019,24.33
Mongolia,MNG,2020,22.29
Mongolia,MNG,2021,24.26
Mongolia,MNG,2022,25.29
Mozambique,MOZ,2015,10.93
Mozambique,MOZ,2016,12.36
Mozambique,MOZ,2017,13.79
Mozambique,MOZ,2018,14.66
Mozambique,MOZ,2019,13.94
Mozambique,MOZ,2020,12.51
Mozambique,MOZ,2021,13.78
Mozambique,MOZ,2022,16.51
Mauritania,MRT,2015,3.34
Mauritania,MRT,2016,2.96
Mauritania,MRT,2017,3.74
Mauritania,MRT,2018,4.13
Mauritania,MRT,2019,4.23
Mauritania,MRT,2020,4.58
Mauritania,MRT,2021,4.92
Mauritania,MRT,2022,5.01
Mauritius,MUS,2015,4.02
Mauritius,MUS,2016,4.1
Mauritius,MUS,2017,4.24
Mauritius,MUS,2018,4.2
Mauritius,MUS,2019,4.23
Mauritius,MUS,2020,3.77
Mauritius,MUS,2021,4.02
Mauritius,MUS,2022,4.08
Malawi,MWI,2015,1.24
Malawi,MWI,2016,1.38
Malawi,MWI,2017,1.38
Malawi,MWI,2018,1.88
Malawi,MWI,2019,1.89
Malawi,MWI,2020,1.81
Malawi,MWI,2021,1.87
Malawi,MWI,2022,1.94
Malaysia,MYS,2015,251.5
Malaysia,MYS,2016,246.21
Malaysia,MYS,2017,239.43
Malaysia,MYS,2018,255.18
Malaysia,MYS,2019,258.17
Malaysia,MYS,2020,250.82
Malaysia,MYS,2021,249.8
Malaysia,MYS,2022,264.85
Namibia,NAM,2015,3.32
Namibia,NAM,2016,3.62
Namibia,NAM,2017,3.47
Namibia,NAM,2018,3.43
Namibia,NAM,2019,3.51
Namibia,NAM,2020,3.26
Namibia,NAM,2021,3.4
Namibia,NAM,2022,3.31
Niger,NER,2015,4.51
Niger,NER,2016,4.54
Niger,NER,2017,4.41
Niger,NER,2018,4.56
Niger,NER,2019,4.88
Niger,NER,2020,5.13
Niger,NER,2021,5.63
Niger,NER,2022,6.05
Nigeria,NGA,2015,191.57
Nigeria,NGA,2016,188.96
Nigeria,NGA,2017,183.41
Nigeria,NGA,2018,189.24
Nigeria,NGA,2019,197.2
Nigeria,NGA,2020,184.34
Nigeria,NGA,2021,188.93
Nigeria,NGA,2022,180.8
Nicaragua,NIC,2015,6.07
Nicaragua,NIC,2016,6.19
Nicaragua,NIC,2017,6.22
Nicaragua,NIC,2018,5.86
Nicaragua,NIC,2019,6.02
Nicaragua,NIC,2020,5.4
Nicaragua,NIC,2021,5.89
Nicaragua,NIC,2022,6.01
Niue,NIU,2015,0.01
Niue,NIU,2016,0.01
Niue,NIU,2017,0.01
Niue,NIU,2018,0.01
Niue,NIU,2019,0.01
Niue,NIU,2020,0.01
Niue,NIU,2021,0.01
Niue,NIU,2022,0.01
Netherlands,NLD,2015,159
Netherlands,NLD,2016,160.03
Netherlands,NLD,2017,157.27
Netherlands,NLD,2018,153
Netherlands,NLD,2019,147.84
Netherlands,NLD,2020,131.78
Netherlands,NLD,2021,135.72
Netherlands,NLD,2022,123.05
Norway,NOR,2015,41.44
Norway,NOR,2016,40.63
Norway,NOR,2017,40.38
Norway,NOR,2018,39.88
Norway,NOR,2019,38.68
Norway,NOR,2020,37.24
Norway,NOR,2021,37.52
Norway,NOR,2022,36.9
Nepal,NPL,2015,13.92
Nepal,NPL,2016,16.78
Nepal,NPL,2017,18.55
Nepal,NPL,2018,20.01
Nepal,NPL,2019,18.37
Nepal,NPL,2020,22.27
Nepal,NPL,2021,22.41
Nepal,NPL,2022,21.4
Nauru,NRU,2015,0.05
Nauru,NRU,2016,0.05
Nauru,NRU,2017,0.06
Nauru,NRU,2018,0.05
Nauru,NRU,2019,0.05
Nauru,NRU,2020,0.05
Nauru,NRU,2021,0.06
Nauru,NRU,2022,0.05
New Zealand,NZL,2015,33.17
New Zealand,NZL,2016,32.13
New Zealand,NZL,2017,33.91
New Zealand,NZL,2018,32.95
New Zealand,NZL,2019,34.32
New Zealand,NZL,2020,31.86
New Zealand,NZL,2021,32.14
New Zealand,NZL,2022,29.77
Oman,OMN,2015,84.16
Oman,OMN,2016,84.77
Oman,OMN,2017,85.21
Oman,OMN,2018,88.86
Oman,OMN,2019,89.62
Oman,OMN,2020,85.23
Oman,OMN,2021,90.77
Oman,OMN,2022,96.17
Pakistan,PAK,2015,193.35
Pakistan,PAK,2016,208
Pakistan,PAK,2017,223.75
Pakistan,PAK,2018,212.18
Pakistan,PAK,2019,207.8
Pakistan,PAK,2020,230.65
Pakistan,PAK,2021,235.82
Pakistan,PAK,2022,242.69
Panama,PAN,2015,10.16
Panama,PAN,2016,10.24
Panama,PAN,2017,9.72
Panama,PAN,2018,9.6
Panama,PAN,2019,12.97
Panama,PAN,2020,9.71
Panama,PAN,2021,10.77
Panama,PAN,2022,11.43
Peru,PER,2015,56.62
Peru,PER,2016,59.04
Peru,PER,2017,55.98
Peru,PER,2018,56.24
Peru,PER,2019,58.38
Peru,PER,2020,48.32
Peru,PER,2021,58.96
Peru,PER,2022,63.3
Philippines,PHL,2015,108.14
Philippines,PHL,2016,118.26
Philippines,PHL,2017,129.86
Philippines,PHL,2018,134.91
Philippines,PHL,2019,141.76
Philippines,PHL,2020,131.45
Philippines,PHL,2021,139.51
Philippines,PHL,2022,144.83
Palau,PLW,2015,0.21
Palau,PLW,2016,0.2
Palau,PLW,2017,0.21
Palau,PLW,2018,0.21
Palau,PLW,2019,0.21
Palau,PLW,2020,0.21
Palau,PLW,2021,0.21
Palau,PLW,2022,0.2
Papua New Guinea,PNG,2015,11.94
Papua New Guinea,PNG,2016,12.08
Papua New Guinea,PNG,2017,11.97
Papua New Guinea,PNG,2018,12.49
Papua New Guinea,PNG,2019,12.46
Papua New Guinea,PNG,2020,13.06
Papua New Guinea,PNG,2021,13
Papua New Guinea,PNG,2022,12.77
Poland,POL,2015,311.14
Poland,POL,2016,321.58
Poland,POL,2017,333.03
Poland,POL,2018,331.59
Poland,POL,2019,313.48
Poland,POL,2020,297.22
Poland,POL,2021,323.83
Poland,POL,2022,308.23
North Korea,PRK,2015,41.96
North Korea,PRK,2016,44.94
North Korea,PRK,2017,83.43
North Korea,PRK,2018,76.62
North Korea,PRK,2019,84.11
North Korea,PRK,2020,79.97
North Korea,PRK,2021,67.96
North Korea,PRK,2022,70.31
Portugal,PRT,2015,47.94
Portugal,PRT,2016,47.4
Portugal,PRT,2017,51.76
Portugal,PRT,2018,48.22
Portugal,PRT,2019,43.34
Portugal,PRT,2020,37.45
Portugal,PRT,2021,35.94
Portugal,PRT,2022,36.71
Paraguay,PRY,2015,6.98
Paraguay,PRY,2016,8.18
Paraguay,PRY,2017,9.07
Paraguay,PRY,2018,9.44
Paraguay,PRY,2019,9.16
Paraguay,PRY,2020,8.46
Paraguay,PRY,2021,9.34
Paraguay,PRY,2022,8.56
Qatar,QAT,2015,107.47
Qatar,QAT,2016,109.2
Qatar,QAT,2017,111.12
Qatar,QAT,2018,109.99
Qatar,QAT,2019,112.28
Qatar,QAT,2020,110.32
Qatar,QAT,2021,112.18
Qatar,QAT,2022,117.29
Romania,ROU,2015,77.87
Romania,ROU,2016,75.89
Romania,ROU,2017,78.64
Romania,ROU,2018,79.42
Romania,ROU,2019,77.8
Romania,ROU,2020,72.01
Romania,ROU,2021,77.18
Romania,ROU,2022,73.67
Russia,RUS,2015,1933.19
Russia,RUS,2016,1923.5
Russia,RUS,2017,1954.6
Russia,RUS,2018,2029.22
Russia,RUS,2019,2041.58
Russia,RUS,2020,1950.84
Russia,RUS,2021,2123.91
Russia,RUS,2022,2071.25
Rwanda,RWA,2015,3.1
Rwanda,RWA,2016,3.13
Rwanda,RWA,2017,3.26
Rwanda,RWA,2018,3.46
Rwanda,RWA,2019,3.56
Rwanda,RWA,2020,3.58
Rwanda,RWA,2021,3.85
Rwanda,RWA,2022,4.3
Saudi Arabia,SAU,2015,599.64
Saudi Arabia,SAU,2016,598.99
Saudi Arabia,SAU,2017,590.63
Saudi Arabia,SAU,2018,568.95
Saudi Arabia,SAU,2019,565.76
Saudi Arabia,SAU,2020,554.41
Saudi Arabia,SAU,2021,567.74
Saudi Arabia,SAU,2022,603.96
Sudan,SDN,2015,25.42
Sudan,SDN,2016,26.83
Sudan,SDN,2017,26.65
Sudan,SDN,2018,26.64
Sudan,SDN,2019,26.86
Sudan,SDN,2020,25.26
Sudan,SDN,2021,27.3
Sudan,SDN,2022,25.18
Senegal,SEN,2015,8.49
Senegal,SEN,2016,9.14
Senegal,SEN,2017,8.87
Senegal,SEN,2018,9.36
Senegal,SEN,2019,9.2
Senegal,SEN,2020,8.93
Senegal,SEN,2021,11.14
Senegal,SEN,2022,12.34
Singapore,SGP,2015,46.64
Singapore,SGP,2016,46.21
Singapore,SGP,2017,48.59
Singapore,SGP,2018,46.34
Singapore,SGP,2019,46.36
Singapore,SGP,2020,44.95
Singapore,SGP,2021,46.94
Singapore,SGP,2022,48.01
Solomon Islands,SLB,2015,0.3
Solomon Islands,SLB,2016,0.3
Solomon Islands,SLB,2017,0.3
Solomon Islands,SLB,2018,0.3
Solomon Islands,SLB,2019,0.31
Solomon Islands,SLB,2020,0.3
Solomon Islands,SLB,2021,0.3
Solomon Islands,SLB,2022,0.29
Sierra Leone,SLE,2015,1.12
Sierra Leone,SLE,2016,1.17
Sierra Leone,SLE,2017,1.12
Sierra Leone,SLE,2018,1.06
Sierra Leone,SLE,2019,1.04
Sierra Leone,SLE,2020,1.06
Sierra Leone,SLE,2021,1.3
Sierra Leone,SLE,2022,1.43
El Salvador,SLV,2015,6.92
El Salvador,SLV,2016,7.1
El Salvador,SLV,2017,6.33
El Salvador,SLV,2018,6.73
El Salvador,SLV,2019,7.72
El Salvador,SLV,2020,6.25
El Salvador,SLV,2021,7.2
El Salvador,SLV,2022,8.11
Somalia,SOM,2015,0.65
Somalia,SOM,2016,0.65
Somalia,SOM,2017,0.65
Somalia,SOM,2018,0.66
Somalia,SOM,2019,0.65
Somalia,SOM,2020,0.61
Somalia,SOM,2021,0.63
Somalia,SOM,2022,0.68
Serbia,SRB,2015,47.81
Serbia,SRB,2016,48.97
Serbia,SRB,2017,49.59
Serbia,SRB,2018,48.32
Serbia,SRB,2019,48.25
Serbia,SRB,2020,48.51
Serbia,SRB,2021,47.35
Serbia,SRB,2022,48.17
South Sudan,SSD,2015,4.09
South Sudan,SSD,2016,3.71
South Sudan,SSD,2017,3.61
South Sudan,SSD,2018,3.81
South Sudan,SSD,2019,4.22
South Sudan,SSD,2020,4.1
South Sudan,SSD,2021,3.97
South Sudan,SSD,2022,3.72
São Tomé and Principe,STP,2015,0.14
São Tomé and Principe,STP,2016,0.15
São Tomé and Principe,STP,2017,0.16
São Tomé and Principe,STP,2018,0.15
São Tomé and Principe,STP,2019,0.14
São Tomé and Principe,STP,2020,0.14
São Tomé and Principe,STP,2021,0.15
São Tomé and Principe,STP,2022,0.16
Suriname,SUR,2015,3.53
Suriname,SUR,2016,3.79
Suriname,SUR,2017,3.28
Suriname,SUR,2018,2.98
Suriname,SUR,2019,3.49
Suriname,SUR,2020,3.44
Suriname,SUR,2021,3.57
Suriname,SUR,2022,3.73
Slovakia,SVK,2015,31.57
Slovakia,SVK,2016,32.4
Slovakia,SVK,2017,34.49
Slovakia,SVK,2018,33.89
Slovakia,SVK,2019,31.88
Slovakia,SVK,2020,29.84
Slovakia,SVK,2021,32.95
Slovakia,SVK,2022,30.4
Slovenia,SVN,2015,13.15
Slovenia,SVN,2016,13.94
Slovenia,SVN,2017,14.09
Slovenia,SVN,2018,13.99
Slovenia,SVN,2019,13.53
Slovenia,SVN,2020,12.32
Slovenia,SVN,2021,12.63
Slovenia,SVN,2022,12.29
Sweden,SWE,2015,39.47
Sweden,SWE,2016,38.95
Sweden,SWE,2017,38.67
Sweden,SWE,2018,36.36
Sweden,SWE,2019,35.9
Sweden,SWE,2020,34.66
Sweden,SWE,2021,37.22
Sweden,SWE,2022,34.5
Eswatini,SWZ,2015,1.43
Eswatini,SWZ,2016,1.5
Eswatini,SWZ,2017,1.44
Eswatini,SWZ,2018,1.45
Eswatini,SWZ,2019,1.53
Eswatini,SWZ,2020,1.36
Eswatini,SWZ,2021,1.39
Eswatini,SWZ,2022,1.48
Seychelles,SYC,2015,0.5
Seychelles,SYC,2016,0.57
Seychelles,SYC,2017,0.57
Seychelles,SYC,2018,0.6
Seychelles,SYC,2019,0.6
Seychelles,SYC,2020,0.6
Seychelles,SYC,2021,0.6
Seychelles,SYC,2022,0.64
Syria,SYR,2015,35.45
Syria,SYR,2016,32.2
Syria,SYR,2017,38.39
Syria,SYR,2018,40.78
Syria,SYR,2019,41.75
Syria,SYR,2020,41.7
Syria,SYR,2021,41.91
Syria,SYR,2022,40.32
Chad,TCD,2015,5.48
Chad,TCD,2016,5.18
Chad,TCD,2017,4.73
Chad,TCD,2018,4.9
Chad,TCD,2019,4.77
Chad,TCD,2020,4.71
Chad,TCD,2021,4.88
Chad,TCD,2022,4.97
Togo,TGO,2015,2
Togo,TGO,2016,2.53
Togo,TGO,2017,2.12
Togo,TGO,2018,2.53
Togo,TGO,2019,2.51
Togo,TGO,2020,2.9
Togo,TGO,2021,3
Togo,TGO,2022,3.08
Thailand,THA,2015,271.15
Thailand,THA,2016,266.31
Thailand,THA,2017,268.15
Thailand,THA,2018,263.5
Thailand,THA,2019,273.77
Thailand,THA,2020,260.87
Thailand,THA,2021,252.51
Thailand,THA,2022,267.25
Tajikistan,TJK,2015,4.43
Tajikistan,TJK,2016,5.09
Tajikistan,TJK,2017,5.49
Tajikistan,TJK,2018,6.47
Tajikistan,TJK,2019,7.17
Tajikistan,TJK,2020,7.53
Tajikistan,TJK,2021,7.68
Tajikistan,TJK,2022,7.89
Turkmenistan,TKM,2015,182.36
Turkmenistan,TKM,2016,176.3
Turkmenistan,TKM,2017,179.8
Turkmenistan,TKM,2018,183.73
Turkmenistan,TKM,2019,212.59
Turkmenistan,TKM,2020,176.73
Turkmenistan,TKM,2021,191.35
Turkmenistan,TKM,2022,199.07
East Timor,TLS,2015,5.68
East Timor,TLS,2016,5.53
East Timor,TLS,2017,5.33
East Timor,TLS,2018,5.04
East Timor,TLS,2019,4.91
East Timor,TLS,2020,4.65
East Timor,TLS,2021,4.68
East Timor,TLS,2022,4.7
Tonga,TON,2015,0.11
Tonga,TON,2016,0.12
Tonga,TON,2017,0.13
Tonga,TON,2018,0.13
Tonga,TON,2019,0.16
Tonga,TON,2020,0.19
Tonga,TON,2021,0.19
Tonga,TON,2022,0.18
Trinidad and Tobago,TTO,2015,26.64
Trinidad and Tobago,TTO,2016,22.94
Trinidad and Tobago,TTO,2017,22.9
Trinidad and Tobago,TTO,2018,22.48
Trinidad and Tobago,TTO,2019,21.89
Trinidad and Tobago,TTO,2020,19.53
Trinidad and Tobago,TTO,2021,17.24
Trinidad and Tobago,TTO,2022,18.01
Tunisia,TUN,2015,29.56
Tunisia,TUN,2016,28.67
Tunisia,TUN,2017,29.28
Tunisia,TUN,2018,29.31
Tunisia,TUN,2019,29.18
Tunisia,TUN,2020,27.95
Tunisia,TUN,2021,29.86
Tunisia,TUN,2022,29.32
Turkey,TUR,2015,328.04
Turkey,TUR,2016,351.13
Turkey,TUR,2017,391
Turkey,TUR,2018,386.85
Turkey,TUR,2019,378.51
Turkey,TUR,2020,378.23
Turkey,TUR,2021,413.01
Turkey,TUR,2022,402.21
Tuvalu,TUV,2015,0.01
Tuvalu,TUV,2016,0.01
Tuvalu,TUV,2017,0.01
Tuvalu,TUV,2018,0.01
Tuvalu,TUV,2019,0.01
Tuvalu,TUV,2020,0.01
Tuvalu,TUV,2021,0.01
Tuvalu,TUV,2022,0.01
Tanzania,TZA,2015,25.17
Tanzania,TZA,2016,25.79
Tanzania,TZA,2017,25.91
Tanzania,TZA,2018,26.7
Tanzania,TZA,2019,28.96
Tanzania,TZA,2020,28.61
Tanzania,TZA,2021,31.01
Tanzania,TZA,2022,32.63
Uganda,UGA,2015,12.89
Uganda,UGA,2016,13.32
Uganda,UGA,2017,13.81
Uganda,UGA,2018,14.65
Uganda,UGA,2019,14.55
Uganda,UGA,2020,14.9
Uganda,UGA,2021,15.9
Uganda,UGA,2022,15.96
Ukraine,UKR,2015,215.58
Ukraine,UKR,2016,228.15
Ukraine,UKR,2017,194.16
Ukraine,UKR,2018,206.57
Ukraine,UKR,2019,193.94
Ukraine,UKR,2020,186.09
Ukraine,UKR,2021,178.72
Ukraine,UKR,2022,121.08
Uruguay,URY,2015,6.88
Uruguay,URY,2016,6.82
Uruguay,URY,2017,6.38
Uruguay,URY,2018,6.82
Uruguay,URY,2019,7.1
Uruguay,URY,2020,6.74
Uruguay,URY,2021,8.14
Uruguay,URY,2022,7.76
United States,USA,2015,5339.4
United States,USA,2016,5216.75
United States,USA,2017,5160.59
United States,USA,2018,5361.91
United States,USA,2019,5235.36
United States,USA,2020,4687.06
United States,USA,2021,4974.78
United States,USA,2022,5061.57
Alaska,USA.AK,2015,34.11
Alaska,USA.AK,2016,32.51
Alaska,USA.AK,2017,32.9
Alaska,USA.AK,2018,32.72
Alaska,USA.AK,2019,32.69
Alaska,USA.AK,2020,34.75
Alabama,USA.AL,2015,126.51
Alabama,USA.AL,2016,119.79
Alabama,USA.AL,2017,113.86
Alabama,USA.AL,2018,119.41
Alabama,USA.AL,2019,111.98
Alabama,USA.AL,2020,105.11
Arkansas,USA.AR,2015,64.8
Arkansas,USA.AR,2016,67.37
Arkansas,USA.AR,2017,69.26
Arkansas,USA.AR,2018,75.43
Arkansas,USA.AR,2019,69.45
Arkansas,USA.AR,2020,58.77
Arizona,USA.AZ,2015,97.16
Arizona,USA.AZ,2016,92.69
Arizona,USA.AZ,2017,92.05
Arizona,USA.AZ,2018,95.89
Arizona,USA.AZ,2019,94.1
Arizona,USA.AZ,2020,82.19
California,USA.CA,2015,350.9
California,USA.CA,2016,349.95
California,USA.CA,2017,350.58
California,USA.CA,2018,351.58
California,USA.CA,2019,353.3
California,USA.CA,2020,304.43
Colorado,USA.CO,2015,106.55
Colorado,USA.CO,2016,103.07
Colorado,USA.CO,2017,103.44
Colorado,USA.CO,2018,104.43
Colorado,USA.CO,2019,105.97
Colorado,USA.CO,2020,94.17
Connecticut,USA.CT,2015,37.71
Connecticut,USA.CT,2016,35.3
Connecticut,USA.CT,2017,34.64
Connecticut,USA.CT,2018,38.35
Connecticut,USA.CT,2019,37.66
Connecticut,USA.CT,2020,34.87
District of Columbia,USA.DC,2015,3.08
District of Columbia,USA.DC,2016,2.88
District of Columbia,USA.DC,2017,2.68
District of Columbia,USA.DC,2018,3.68
District of Columbia,USA.DC,2019,2.91
District of Columbia,USA.DC,2020,2.49
Delaware,USA.DE,2015,14.05
Delaware,USA.DE,2016,15.05
Delaware,USA.DE,2017,13.83
Delaware,USA.DE,2018,14.05
Delaware,USA.DE,2019,13.69
Delaware,USA.DE,2020,12.61
Florida,USA.FL,2015,232.37
Florida,USA.FL,2016,233.59
Florida,USA.FL,2017,233.17
Florida,USA.FL,2018,233.97
Florida,USA.FL,2019,226.68
Florida,USA.FL,2020,207.55
Georgia,USA.GA,2015,145.55
Georgia,USA.GA,2016,143.82
Georgia,USA.GA,2017,141.45
Georgia,USA.GA,2018,141.72
Georgia,USA.GA,2019,135.37
Georgia,USA.GA,2020,117.26
Hawaii,USA.HI,2015,17.2
Hawaii,USA.HI,2016,17.18
Hawaii,USA.HI,2017,17.53
Hawaii,USA.HI,2018,17.18
Hawaii,USA.HI,2019,17.54
Hawaii,USA.HI,2020,13.54
Iowa,USA.IA,2015,77.99
Iowa,USA.IA,2016,73.91
Iowa,USA.IA,2017,74.47
Iowa,USA.IA,2018,80.3
Iowa,USA.IA,2019,75.23
Iowa,USA.IA,2020,63.22
Idaho,USA.ID,2015,17.62
Idaho,USA.ID,2016,17.9
Idaho,USA.ID,2017,18.31
Idaho,USA.ID,2018,18.37
Idaho,USA.ID,2019,19.53
Idaho,USA.ID,2020,19.22
Illinois,USA.IL,2015,227.02
Illinois,USA.IL,2016,211.5
Illinois,USA.IL,2017,208.19
Illinois,USA.IL,2018,214.37
Illinois,USA.IL,2019,204.13
Illinois,USA.IL,2020,171.61
Indiana,USA.IN,2015,182.18
Indiana,USA.IN,2016,178.43
Indiana,USA.IN,2017,174.31
Indiana,USA.IN,2018,188.03
Indiana,USA.IN,2019,174.07
Indiana,USA.IN,2020,152.94
Kansas,USA.KS,2015,72.64
Kansas,USA.KS,2016,70.55
Kansas,USA.KS,2017,66.21
Kansas,USA.KS,2018,69.88
Kansas,USA.KS,2019,67.08
Kansas,USA.KS,2020,64.98
Kentucky,USA.KY,2015,138.25
Kentucky,USA.KY,2016,131.85
Kentucky,USA.KY,2017,122.03
Kentucky,USA.KY,2018,127.68
Kentucky,USA.KY,2019,119.52
Kentucky,USA.KY,2020,106.13
Louisiana,USA.LA,2015,184
Louisiana,USA.LA,2016,184.96
Louisiana,USA.LA,2017,187.64
Louisiana,USA.LA,2018,193.84
Louisiana,USA.LA,2019,193.97
Louisiana,USA.LA,2020,180.99
Massachusetts,USA.MA,2015,68.08
Massachusetts,USA.MA,2016,65
Massachusetts,USA.MA,2017,65.02
Massachusetts,USA.MA,2018,64.68
Massachusetts,USA.MA,2019,63.92
Massachusetts,USA.MA,2020,53.45
Maryland,USA.MD,2015,64.02
Maryland,USA.MD,2016,62.17
Maryland,USA.MD,2017,56.35
Maryland,USA.MD,2018,62.88
Maryland,USA.MD,2019,58.06
Maryland,USA.MD,2020,49.06
Maine,USA.ME,2015,16.7
Maine,USA.ME,2016,15.99
Maine,USA.ME,2017,14.67
Maine,USA.ME,2018,14.62
Maine,USA.ME,2019,14.27
Maine,USA.ME,2020,13.29
Michigan,USA.MI,2015,165.38
Michigan,USA.MI,2016,156.21
Michigan,USA.MI,2017,156.48
Michigan,USA.MI,2018,164.35
Michigan,USA.MI,2019,159.25
Michigan,USA.MI,2020,138.29
Minnesota,USA.MN,2015,88.4
Minnesota,USA.MN,2016,90.96
Minnesota,USA.MN,2017,90.32
Minnesota,USA.MN,2018,93.7
Minnesota,USA.MN,2019,90.66
Minnesota,USA.MN,2020,77.9
Missouri,USA.MO,2015,126.6
Missouri,USA.MO,2016,120.85
Missouri,USA.MO,2017,126.4
Missouri,USA.MO,2018,127.23
Missouri,USA.MO,2019,118.95
Missouri,USA.MO,2020,110.84
Mississippi,USA.MS,2015,62.7
Mississippi,USA.MS,2016,64.18
Mississippi,USA.MS,2017,62.15
Mississippi,USA.MS,2018,65.42
Mississippi,USA.MS,2019,64.46
Mississippi,USA.MS,2020,65.12
Montana,USA.MT,2015,36.69
Montana,USA.MT,2016,34.4
Montana,USA.MT,2017,34.4
Montana,USA.MT,2018,34.67
Montana,USA.MT,2019,35.79
Montana,USA.MT,2020,28.91
North Carolina,USA.NC,2015,126.09
North Carolina,USA.NC,2016,126.52
North Carolina,USA.NC,2017,122.52
North Carolina,USA.NC,2018,125.71
North Carolina,USA.NC,2019,123.96
North Carolina,USA.NC,2020,108.46
North Dakota,USA.ND,2015,69.01
North Dakota,USA.ND,2016,62.76
North Dakota,USA.ND,2017,65.21
North Dakota,USA.ND,2018,73.98
North Dakota,USA.ND,2019,76.59
North Dakota,USA.ND,2020,64.83
Nebraska,USA.NE,2015,51.02
Nebraska,USA.NE,2016,48.76
Nebraska,USA.NE,2017,47.99
Nebraska,USA.NE,2018,52.42
Nebraska,USA.NE,2019,50.5
Nebraska,USA.NE,2020,46.78
New Hampshire,USA.NH,2015,15.36
New Hampshire,USA.NH,2016,13.71
New Hampshire,USA.NH,2017,13.27
New Hampshire,USA.NH,2018,14.22
New Hampshire,USA.NH,2019,13.88
New Hampshire,USA.NH,2020,12.32
New Jersey,USA.NJ,2015,102.61
New Jersey,USA.NJ,2016,104.67
New Jersey,USA.NJ,2017,98.23
New Jersey,USA.NJ,2018,102.22
New Jersey,USA.NJ,2019,100.03
New Jersey,USA.NJ,2020,82.52
New Mexico,USA.NM,2015,65.62
New Mexico,USA.NM,2016,62.4
New Mexico,USA.NM,2017,63.45
New Mexico,USA.NM,2018,60.27
New Mexico,USA.NM,2019,65.52
New Mexico,USA.NM,2020,60.34
Nevada,USA.NV,2015,38.29
Nevada,USA.NV,2016,39.43
Nevada,USA.NV,2017,39.45
Nevada,USA.NV,2018,40.61
Nevada,USA.NV,2019,41.14
Nevada,USA.NV,2020,36.55
New York,USA.NY,2015,175.03
New York,USA.NY,2016,170.19
New York,USA.NY,2017,165.87
New York,USA.NY,2018,172.78
New York,USA.NY,2019,169.99
New York,USA.NY,2020,147.54
Ohio,USA.OH,2015,214.79
Ohio,USA.OH,2016,209.29
Ohio,USA.OH,2017,209.73
Ohio,USA.OH,2018,216.27
Ohio,USA.OH,2019,200.89
Ohio,USA.OH,2020,190.1
Oklahoma,USA.OK,2015,116.12
Oklahoma,USA.OK,2016,111.62
Oklahoma,USA.OK,2017,109.51
Oklahoma,USA.OK,2018,114.48
Oklahoma,USA.OK,2019,106.58
Oklahoma,USA.OK,2020,98.25
Oregon,USA.OR,2015,38.34
Oregon,USA.OR,2016,38.36
Oregon,USA.OR,2017,39.37
Oregon,USA.OR,2018,40.2
Oregon,USA.OR,2019,42.27
Oregon,USA.OR,2020,38.14
Pennsylvania,USA.PA,2015,255.6
Pennsylvania,USA.PA,2016,243.2
Pennsylvania,USA.PA,2017,241.06
Pennsylvania,USA.PA,2018,245.81
Pennsylvania,USA.PA,2019,246.3
Pennsylvania,USA.PA,2020,221.26
Rhode Island,USA.RI,2015,10.87
Rhode Island,USA.RI,2016,9.63
Rhode Island,USA.RI,2017,9.96
Rhode Island,USA.RI,2018,11.08
Rhode Island,USA.RI,2019,10.44
Rhode Island,USA.RI,2020,9.83
South Carolina,USA.SC,2015,74.18
South Carolina,USA.SC,2016,73.09
South Carolina,USA.SC,2017,70.59
South Carolina,USA.SC,2018,74.66
South Carolina,USA.SC,2019,70.36
South Carolina,USA.SC,2020,64.24
South Dakota,USA.SD,2015,14.66
South Dakota,USA.SD,2016,15.39
South Dakota,USA.SD,2017,15.23
South Dakota,USA.SD,2018,16.12
South Dakota,USA.SD,2019,16.51
South Dakota,USA.SD,2020,15.37
Tennessee,USA.TN,2015,98.33
Tennessee,USA.TN,2016,101.25
Tennessee,USA.TN,2017,96.81
Tennessee,USA.TN,2018,92.99
Tennessee,USA.TN,2019,92.23
Tennessee,USA.TN,2020,83.57
Texas,USA.TX,2015,721.94
Texas,USA.TX,2016,709.14
Texas,USA.TX,2017,721.05
Texas,USA.TX,2018,749.28
Texas,USA.TX,2019,752.67
Texas,USA.TX,2020,688.46
Utah,USA.UT,2015,68.45
Utah,USA.UT,2016,63.18
Utah,USA.UT,2017,63.15
Utah,USA.UT,2018,64.89
Utah,USA.UT,2019,65.29
Utah,USA.UT,2020,61.43
Virginia,USA.VA,2015,110.56
Virginia,USA.VA,2016,112.71
Virginia,USA.VA,2017,108.06
Virginia,USA.VA,2018,111.83
Virginia,USA.VA,2019,107.09
Virginia,USA.VA,2020,102.01
Vermont,USA.VT,2015,6.08
Vermont,USA.VT,2016,5.82
Vermont,USA.VT,2017,5.7
Vermont,USA.VT,2018,5.91
Vermont,USA.VT,2019,6.07
Vermont,USA.VT,2020,5.39
Washington,USA.WA,2015,69.34
Washington,USA.WA,2016,70.45
Washington,USA.WA,2017,72.37
Washington,USA.WA,2018,72.69
Washington,USA.WA,2019,77.86
Washington,USA.WA,2020,65.3
Wisconsin,USA.WI,2015,102.05
Wisconsin,USA.WI,2016,97.92
Wisconsin,USA.WI,2017,100.8
Wisconsin,USA.WI,2018,103.63
Wisconsin,USA.WI,2019,96.81
Wisconsin,USA.WI,2020,89.2
West Virginia,USA.WV,2015,123.55
West Virginia,USA.WV,2016,122.68
West Virginia,USA.WV,2017,121.59
West Virginia,USA.WV,2018,118.01
West Virginia,USA.WV,2019,113.41
West Virginia,USA.WV,2020,102.71
Wyoming,USA.WY,2015,81.69
Wyoming,USA.WY,2016,76.23
Wyoming,USA.WY,2017,77.92
Wyoming,USA.WY,2018,79.58
Wyoming,USA.WY,2019,72.95
Wyoming,USA.WY,2020,67.73
Uzbekistan,UZB,2015,117.17
Uzbekistan,UZB,2016,123.43
Uzbekistan,UZB,2017,127.82
Uzbekistan,UZB,2018,124.72
Uzbekistan,UZB,2019,127.11
Uzbekistan,UZB,2020,133.26
Uzbekistan,UZB,2021,143.76
Uzbekistan,UZB,2022,137.32
Saint Vincent and the Grenadines,VCT,2015,0.25
Saint Vincent and the Grenadines,VCT,2016,0.25
Saint Vincent and the Grenadines,VCT,2017,0.23
Saint Vincent and the Grenadines,VCT,2018,0.25
Saint Vincent and the Grenadines,VCT,2019,0.23
Saint Vincent and the Grenadines,VCT,2020,0.25
Saint Vincent and the Grenadines,VCT,2021,0.25
Saint Vincent and the Grenadines,VCT,2022,0.26
Venezuela,VEN,2015,390.54
Venezuela,VEN,2016,359.28
Venezuela,VEN,2017,320.83
Venezuela,VEN,2018,270.32
Venezuela,VEN,2019,213.43
Venezuela,VEN,2020,131.33
Venezuela,VEN,2021,134.53
Venezuela,VEN,2022,157.9
Vietnam,VNM,2015,192.45
Vietnam,VNM,2016,209.55
Vietnam,VNM,2017,210.68
Vietnam,VNM,2018,260.99
Vietnam,VNM,2019,309.82
Vietnam,VNM,2020,317.61
Vietnam,VNM,2021,304.94
Vietnam,VNM,2022,310.21
Vanuatu,VUT,2015,0.14
Vanuatu,VUT,2016,0.15
Vanuatu,VUT,2017,0.14
Vanuatu,VUT,2018,0.18
Vanuatu,VUT,2019,0.17
Vanuatu,VUT,2020,0.21
Vanuatu,VUT,2021,0.22
Vanuatu,VUT,2022,0.21
World,WORLD,2015,36309.07
World,WORLD,2016,36274.37
World,WORLD,2017,36827.24
World,WORLD,2018,37652.42
World,WORLD,2019,37623.18
World,WORLD,2020,35532.26
World,WORLD,2021,37497.65
World,WORLD,2022,38008.54
Samoa,WSM,2015,0.23
Samoa,WSM,2016,0.25
Samoa,WSM,2017,0.26
Samoa,WSM,2018,0.25
Samoa,WSM,2019,0.28
Samoa,WSM,2020,0.25
Samoa,WSM,2021,0.25
Samoa,WSM,2022,0.24
Yemen,YEM,2015,17.06
Yemen,YEM,2016,11.62
Yemen,YEM,2017,12.75
Yemen,YEM,2018,16.74
Yemen,YEM,2019,17.27
Yemen,YEM,2020,16.16
Yemen,YEM,2021,15.66
Yemen,YEM,2022,14.56
South Africa,ZAF,2015,471.1
South Africa,ZAF,2016,468.6
South Africa,ZAF,2017,479.07
South Africa,ZAF,2018,482.98
South Africa,ZAF,2019,488.5
South Africa,ZAF,2020,465.46
South Africa,ZAF,2021,454.86
South Africa,ZAF,2022,438.07
Zambia,ZMB,2015,9.24
Zambia,ZMB,2016,9.62
Zambia,ZMB,2017,11.38
Zambia,ZMB,2018,12.35
Zambia,ZMB,2019,12.52
Zambia,ZMB,2020,13.04
Zambia,ZMB,2021,13.24
Zambia,ZMB,2022,14.5
Zimbabwe,ZWE,2015,14.97
Zimbabwe,ZWE,2016,13.79
Zimbabwe,ZWE,2017,13.21
Zimbabwe,ZWE,2018,14.54
Zimbabwe,ZWE,2019,13.69
Zimbabwe,ZWE,2020,11.75
Zimbabwe,ZWE,2021,12.78
Zimbabwe,ZWE,2022,13.93
